X,Y,Z,Log_X,Sqrt_Y
23,19,35,3.1354942159291497,4.358898943540674
4,22,33,1.3862943611198906,4.69041575982343
41,40,20,3.713572066704308,6.324555320336759
33,19,14,3.4965075614664802,4.358898943540674
26,42,32,3.258096538021482,6.48074069840786
